path,size_bytes,sha256
data/all_metrics_and_exp_results.csv,11258612,06f3c63270c0b4bbaae306ebb339de70872d6c0aaf62af98940e98d178a1cfdf
data/drylab/design_metrics/boltz_metrics/FINAL_METRICS.parquet,22786856,33a4b67a2f9014d2b285c6db92122f5cb3047218d9dbe9f812a1b0a87a184649
data/drylab/design_metrics/boltz_metrics/boltz_metrics_designs.csv,71693,52aa92ce715827cb1155c2a74c648de46b4167dd36802596dd5fbaae9168a463
data/drylab/design_metrics/boltz_metrics/dssp.csv,39199297,6a808b8e3e9b72f802431603b87cb75229474e8da5121e1e3811bf606d8d1bbd
data/drylab/dssp/all_designs/dssp.csv,39199297,6a808b8e3e9b72f802431603b87cb75229474e8da5121e1e3811bf606d8d1bbd
data/drylab/dssp/all_designs/dssp_chunk_00000.parquet,73380,bf09c939202d31d38e723c92d7b7d7630b5541e3add7252f9a36e6adc4c6ed02
data/drylab/dssp/all_designs/dssp_chunk_00001.parquet,72046,a2bab97320cc6dc832a36aa52bd22478a8e868260382981425537ebbe594f963
data/drylab/dssp/all_designs/dssp_chunk_00002.parquet,73872,9d85ce06bb30ad8d175332d5b1f6add30a2e921972e207956210be48f8c8c323
data/drylab/dssp/all_designs/dssp_chunk_00003.parquet,74273,a73faccf054af8b7a441ccdeadc5a3504517705b26be1981c3b759982078876f
data/drylab/dssp/all_designs/dssp_chunk_00004.parquet,73925,b37f6252bbecf7da7b7e389e4402e58bc3029615fc38108ef9d978a0b4fda0f5
data/drylab/dssp/all_designs/dssp_chunk_00005.parquet,74727,5025606890f79239a2461fadfd60191168de44c1219728fb32ad1884e771238e
data/drylab/dssp/all_designs/dssp_chunk_00006.parquet,73177,6b1519783b10341498f03f28fcc5c8e60b16e662b0a3484ce6e97bfb19660b52
data/drylab/dssp/all_designs/dssp_chunk_00007.parquet,75088,2b22a9126567c8f229d5c1e8ef910edf083902eeac9a39f9e75cec2fc4c0784e
data/drylab/dssp/all_designs/dssp_chunk_00008.parquet,73990,8225e81f8dfbcc8e6909e162243a989e0bdbffff66a82b4df10e04945500e38c
data/drylab/dssp/all_designs/dssp_chunk_00009.parquet,74795,e4835ca3aac1b9502cbc34354b9387db17ab64ac31feed5ce9fd80edf1075314
data/drylab/dssp/all_designs/dssp_chunk_00010.parquet,75234,aa54012d1659a8e2020cd8259eb36b0838ca7fc963436e7fffa148dedd82cd61
data/drylab/dssp/all_designs/dssp_chunk_00011.parquet,75360,1445de263df6478eac658e94bf78719dfea6235ef28f6121e73e362e5238ed91
data/drylab/dssp/all_designs/dssp_chunk_00012.parquet,74199,0828a7d8ce6d515abf4db4c71bec2dbde62fd7a16bb0a57f35f7424ce3633e7d
data/drylab/dssp/all_designs/dssp_chunk_00013.parquet,75443,c3545e996015180d2f31e29515ff47bcf8c4123e2f51ea5571f0a7a954433544
data/drylab/dssp/all_designs/dssp_chunk_00014.parquet,72432,f40800f852a320f812364cb1edce009d2ae2d30e3c44c2aa396c958994f037ae
data/drylab/dssp/all_designs/dssp_chunk_00015.parquet,73140,06319619e27cf738155ca36766491085fd60937cf409187866d91c947c664bbd
data/drylab/dssp/all_designs/dssp_chunk_00016.parquet,72967,ce9c4121173a5f68ad106f77871e894dd7391f20514cbfc5c6c51543271041dc
data/drylab/dssp/all_designs/dssp_chunk_00017.parquet,73193,11634a92cbf1c167948acda365149cb8f7179958967ad1327c44a0d6d0d05f6b
data/drylab/dssp/all_designs/dssp_chunk_00018.parquet,73918,114124ccad36a10152225358661140c7db8507cd792b823337fd05bcd602d3a7
data/drylab/dssp/all_designs/dssp_chunk_00019.parquet,74362,ac8ad983701fe5193d76f545dc2448526f8a36e7c750244cedb1266ba1832722
data/drylab/dssp/all_designs/dssp_chunk_00020.parquet,76001,8e2c6e0ec4e818cfc516acc80dbf8fc2c007cd2bdaf6d72d3652848ab93ca1de
data/drylab/dssp/all_designs/dssp_chunk_00021.parquet,75815,8b5ec87b17e181f617cfa3f472be8916767b13908e5538c2add8b5888e0a5908
data/drylab/dssp/all_designs/dssp_chunk_00022.parquet,75983,8cff1714370cc9ba50326ced4ae62bf0d9f328510acd3bdfeefd9abad3d6a55a
data/drylab/dssp/all_designs/dssp_chunk_00023.parquet,74672,6970ccaf5abeb912c5b7976293f0b0b9f9d173bc24e6d91ba24a5140262252a1
data/drylab/dssp/all_designs/dssp_chunk_00024.parquet,74505,e07a7111edab9bfc460a467ac4e256ddbbd18129806b18a2a9fe1f4819c4247f
data/drylab/dssp/all_designs/dssp_chunk_00025.parquet,72326,f2c04d4c410b2ee88a6b713cf0b6bdcd4a58541014ee4580ac6e894cd8d17063
data/drylab/dssp/all_designs/dssp_chunk_00026.parquet,74223,34e70d4d0781223bc1b5380f2ef24ea5bed7b0e64118185ef394fc0d944befbb
data/drylab/dssp/all_designs/dssp_chunk_00027.parquet,72488,ffb03c972a5944dea4a8d86767689d238ca15472dcf6549abb44e401abd1d87e
data/drylab/dssp/all_designs/dssp_chunk_00028.parquet,75691,343b908d51a964af2e7c86936276358eeb226331c8697bcdf8027df274241cf7
data/drylab/dssp/all_designs/dssp_chunk_00029.parquet,72632,078bf947cb5c3ef4ab2cba644c253df3b7963c303536f9574e69e962b9c085d6
data/drylab/dssp/all_designs/dssp_chunk_00030.parquet,76504,2c53d18926dd2ec094fa5ccff42d479ad41fc86b9d562e7d31a250cb79bace9f
data/drylab/dssp/all_designs/dssp_chunk_00031.parquet,74448,28110b7601aec805c1b57c417ff7fcee9e97f4a719f2c93197df7d033679bd02
data/drylab/dssp/all_designs/dssp_chunk_00032.parquet,74473,ce60072f12771ab3bc90222aa45572cc97e338bbc71ed03fd0e28ea02be4e2f8
data/drylab/dssp/all_designs/dssp_chunk_00033.parquet,73985,fc40f59b5a8562cad8c07f6ad9862f51d0274f65c5e96c2faa2918e53cfacf46
data/drylab/dssp/all_designs/dssp_chunk_00034.parquet,75740,85785623a61686c80f5bafe7bfa96b1e2f524afac06fd78b56ff4d2ffa43ca70
data/drylab/dssp/all_designs/dssp_chunk_00035.parquet,71352,03a6b2f6c2ba41570563c0bbb6f879e52ecf622b04ef11a5631b06af6922a96e
data/drylab/dssp/all_designs/dssp_chunk_00036.parquet,72537,0516ca35c073a28597efc14a9427aa22d8d3182fc42996516f63e6d9e7b33c9e
data/drylab/dssp/all_designs/dssp_chunk_00037.parquet,74312,6d1ca809fa7be4b56b817ab0fedec4c63fd8959aec5cfd7342206c8b5cc0a18c
data/drylab/dssp/all_designs/dssp_chunk_00038.parquet,73880,cf3dfef2b51cb9e37f4f227d4d325d3e2ec668eaf543f8818cc75b0e66b8f054
data/drylab/dssp/all_designs/dssp_chunk_00039.parquet,73720,ea93494e43b6ad329418e1043f649d06f3232877cdd7635cdcdbcc4a7c9f1bcf
data/drylab/dssp/all_designs/dssp_chunk_00040.parquet,74654,9e700c2529a7fae157f4c6dea107f89bf4fe2a284f899da320599f18a2567f1f
data/drylab/dssp/all_designs/dssp_chunk_00041.parquet,75391,bdd793a649dfd164913cb9250b1469e7c8703f3927f5e34fb01c74caff3ee0a7
data/drylab/dssp/all_designs/dssp_chunk_00042.parquet,76356,ddda58414b641a52aeae781ae69e77f15161df1e4993d6aff164ba8d5d5f0ba6
data/drylab/dssp/all_designs/dssp_chunk_00043.parquet,65561,03b78ac3ca5c4cbcef09543afe212cc5cc8dea051fe65cc35cc62b75ad112a33
data/drylab/dssp/all_designs/dssp_chunk_00044.parquet,58725,8a6544a810f6bacd2bb64e36e1225769dab0262f20b8ef0fabd951c1e285ef84
data/drylab/dssp/all_designs/dssp_chunk_00045.parquet,59416,c97a06e26bd9d164ca60e5c4589e37cdc69c87f93164a46b4fc2d107e5f983d3
data/drylab/dssp/all_designs/dssp_chunk_00046.parquet,58534,f2321b234fa8028b25c4b3be19ccedfcba6dc922bf9d40b2f81765905d8032ce
data/drylab/dssp/all_designs/dssp_chunk_00047.parquet,57944,9cbf3b7cfaa8b44505c98981b7cf40495d212749754854e970160caf1b8a1165
data/drylab/dssp/all_designs/dssp_chunk_00048.parquet,58423,34c5cb5bbff9fc9cec012afc7f1158c551490da8cceb8a096ea2f6ce04794609
data/drylab/dssp/all_designs/dssp_chunk_00049.parquet,58163,90fcba7345438fa124c23618fc61ef3f43cff8b74d5c1e61b9f7fa024fb15a6b
data/drylab/dssp/all_designs/dssp_chunk_00050.parquet,59011,318af26c28827aef4792974bd5128a313820ea9a2887a0e63dc5d427aa424c19
data/drylab/dssp/all_designs/dssp_chunk_00051.parquet,58530,06e9f0c66f6d6476423ddfb0a17a2580dceb79d059c0bc56945ecf791481e1f3
data/drylab/dssp/all_designs/dssp_chunk_00052.parquet,59147,8d2ba1bdc385c2e8003a9fdd16d25ad1f50e32ea695c62b4e499d5962156c93f
data/drylab/dssp/all_designs/dssp_chunk_00053.parquet,57257,45eedd5b492a66dbe3b69356ad3bb697790492856d7b101487f5512f7d8a1d62
data/drylab/dssp/all_designs/dssp_chunk_00054.parquet,59390,ba1f889dd3f89de5c92acf11342b9f6f92905cafe6ebdc08e20b2cc6c81b465d
data/drylab/dssp/all_designs/dssp_chunk_00055.parquet,57552,d3dcef4a23db49b28ca2b84d0c35a93b1913bd32aab4f9d2461018ec32dc21b8
data/drylab/dssp/all_designs/dssp_chunk_00056.parquet,57797,458b8449bc178356100194f03c250e98ff58725348fdcddd81b24a9eba9b9d72
data/drylab/dssp/all_designs/dssp_chunk_00057.parquet,57699,6a86d55ab8b883fee6a9eb569968012e0f9f0a3df8346016a00c9b33e220e2e0
data/drylab/dssp/all_designs/dssp_chunk_00058.parquet,58819,7e9ee43533bf16f18be37bc74a46a05837287a68d2bd14044b5850db54ff5632
data/drylab/dssp/all_designs/dssp_chunk_00059.parquet,57737,b3d397aceecc905ae6ed7907707da8664addc3c9cdcdaa6f3a4460a1d8510a40
data/drylab/dssp/all_designs/dssp_chunk_00060.parquet,58624,bd5c30388a7bf5b2622eabe1bffc986cd134d68cedd2280851dd6b56e848b9e4
data/drylab/dssp/all_designs/dssp_chunk_00061.parquet,58662,996d38cf0949194ecdb98a870ecf59c074782ec163b6b638aaf08006f263a8eb
data/drylab/dssp/all_designs/dssp_chunk_00062.parquet,58642,8d90e4113da6fb3a0906b160c254286d8cf006bcd491697d3ceaa16ef3caefcc
data/drylab/dssp/all_designs/dssp_chunk_00063.parquet,57754,4455c2e0f2e7cc38f16f6952dcd65cfec0e5cc3c9f1093ea0cf902e9549b56bb
data/drylab/dssp/all_designs/dssp_chunk_00064.parquet,58739,2aaac86f0ae4ddbfc2cd921b35622c6e4b48f20f54e214bfdaacc5c33cbbddf4
data/drylab/dssp/all_designs/dssp_chunk_00065.parquet,57799,e97e8d2efd7236185abbec54fc4d4ccfce136049383cac7af2300149a7b1220b
data/drylab/dssp/all_designs/dssp_chunk_00066.parquet,58183,b135e5f3b28d037a52c7e37d8800c6d4f2e10324e9977d90df4381286349e4f1
data/drylab/dssp/all_designs/dssp_chunk_00067.parquet,58118,41558416556e74ad8f9ebaf668007416bf2a94537ae6490ca5e0a03fe222f5e2
data/drylab/dssp/all_designs/dssp_chunk_00068.parquet,59281,2089a7c5f960bc7dd7f8ab4f0636bd1d08ad66db028511e0116e505908df1d84
data/drylab/dssp/all_designs/dssp_chunk_00069.parquet,58619,7c81ff1a415fe4fb8946dcd2135111ca5d32ab177e07205460598f41d22db281
data/drylab/dssp/all_designs/dssp_chunk_00070.parquet,58115,5f18ffbf26aa7ae5ad15973dc4b660d0d2904b0f0a4305fa0fb68bdad2e3b3a6
data/drylab/dssp/all_designs/dssp_chunk_00071.parquet,57851,24efd42c0048dbbee4ecbf701f123b7cabf8ae1c04083c856183f2ae8f9e7082
data/drylab/dssp/all_designs/dssp_chunk_00072.parquet,57873,c1a8342f991a76c9376cd4f579152ffeae5a41f296c08b4a288f92f5ef752bd4
data/drylab/dssp/all_designs/dssp_chunk_00073.parquet,56731,46bbca55e24d883872c7162140155c66c89bf191f55e2bd55a04d1aa511a4f91
data/drylab/dssp/all_designs/dssp_chunk_00074.parquet,57154,f62f23f23ba3569e7c93a3a33c36a6b61dcb1da5c2281581aba128653ff29c1b
data/drylab/dssp/all_designs/dssp_chunk_00075.parquet,58535,f91dc61f13f7a70fef853af3266afd6458230c14eca2e2081b167ea8cb5e86eb
data/drylab/dssp/all_designs/dssp_chunk_00076.parquet,57088,3b56742a5ea2617bf6f69f366ac3cbb5338e289025651bba10d563515d0c2f3f
data/drylab/dssp/all_designs/dssp_chunk_00077.parquet,57685,ffb442803c163b5549a0af5dcba7a20dd002ab96d8433ec82f2c366a97e336c0
data/drylab/dssp/all_designs/dssp_chunk_00078.parquet,58992,b066753de16e82108d0f85c4ea2980d0854470a0b9ec9eb30956a0f416302623
data/drylab/dssp/all_designs/dssp_chunk_00079.parquet,59084,dd104a06689bb70194c36e40284076347d25bcf7dfe91263257530699a954ecd
data/drylab/dssp/all_designs/dssp_chunk_00080.parquet,57527,fa61bbde14b8c0ffd3cac91ec39f520c350619c170962e2f2aca7a47df3a38af
data/drylab/dssp/all_designs/dssp_chunk_00081.parquet,57327,05ed7deae3139d956c981f9993e735e80f66563e50a9236ab4a58300f5043766
data/drylab/dssp/all_designs/dssp_chunk_00082.parquet,57910,4a980ab22daec4c7c84694dde1346dd617be505bb01fc43cbe00b271c2aa1473
data/drylab/dssp/all_designs/dssp_chunk_00083.parquet,59235,8ef11fbbe6e6f233d613bcd76fb25465de9fea64e3a0347079e16991f2fa7415
data/drylab/dssp/all_designs/dssp_chunk_00084.parquet,58865,04fb1a37e7802a2e1064254a47c74eca9b636faf7578a0a97b038bf9ee83d478
data/drylab/dssp/all_designs/dssp_chunk_00085.parquet,58991,18ef745dc82ef3d384b491b54d09752dae83ca2bfef7b6e73d5f5137ad99b8a5
data/drylab/dssp/all_designs/dssp_chunk_00086.parquet,59123,15f82d7f72af50551b050dda820267db7d2d4c661c25d456d9d2307a16d64f87
data/drylab/dssp/all_designs/dssp_chunk_00087.parquet,56021,38fd2b5568393fcebeae7eb182506b4dfae79a4819745522bf2c44729a76c021
data/drylab/dssp/all_designs/dssp_chunk_00088.parquet,58261,b6e793bb6fcb09b85215b1405f62a5da60b4715b82b5d1d3e50a78da3e92e7e8
data/drylab/dssp/all_designs/dssp_chunk_00089.parquet,58258,443542c7044625788cdfafdc61f096e82eff6b3a491b91fb2e4c937efb24b8f4
data/drylab/dssp/all_designs/dssp_chunk_00090.parquet,58251,956a258de418a38997211f24a2ceb6955f97f94ebddabc36f844ffffe9cdd75f
data/drylab/dssp/all_designs/dssp_chunk_00091.parquet,59295,2cc57d46db68ff212e20b344b574afe3a4b27456d2676991520ba7747b8c336b
data/drylab/dssp/all_designs/dssp_chunk_00092.parquet,59759,087252b32d695b164782c6781cb17371cf836b6ebd1df8ebb3df91bafde1298f
data/drylab/dssp/all_designs/dssp_chunk_00093.parquet,57434,fe300c31eef66f4e4288a8ed11ed567d78d8ac489f52293c1b7975a2e92e304a
data/drylab/dssp/all_designs/dssp_chunk_00094.parquet,57403,c92e54816e622dda257f06af1dcb5c13f20b8da4ccacb33555eb1e97b1b04fb4
data/drylab/dssp/all_designs/dssp_chunk_00095.parquet,58895,e45542d825e8d01f9674303814f974673cbb6a601cfe942cea22154077fe7fd0
data/drylab/dssp/all_designs/dssp_chunk_00096.parquet,58215,509e487d07f66168ef03e03a1e855455ade1107c20b33f941ca9215c4cc759df
data/drylab/dssp/all_designs/dssp_chunk_00097.parquet,58978,cf68f9e7d3b865dd110d544bbae5fa8b455c706fe00a013eb8f0863a21834ce4
data/drylab/dssp/all_designs/dssp_chunk_00098.parquet,59051,47658eba6d300eb8a4951b4611ae5f26cce9b33e49f4bd4a735ec3069fa2af65
data/drylab/dssp/all_designs/dssp_chunk_00099.parquet,57269,41832910924bc474514162f01eedd415f37377bcf49f435e4737f2393daf83f7
data/drylab/dssp/mmseqs_result_cluster.tsv,370214,f55b440e9529bf2e051447076bfaee15f07007138d63ab90bf30e0b36cc84d8f
data/drylab/dssp/pdb/dssp_chunk_00000.parquet,11285,9dad004102f0e8988a86651b0ece34315b852903f3a9a6e4128d54768f5e5fad
data/drylab/dssp/pdb/dssp_chunk_00001.parquet,12416,6da463bbe940f3b498b045982297b82f9f300db135cafa24cd49d44bc0dc6b38
data/drylab/dssp/pdb/dssp_chunk_00002.parquet,11873,e77aa3afe2674e1b63aaf79b996ac50880e64f5475c444074d2dbc8c49c7fbc6
data/drylab/dssp/pdb/dssp_chunk_00003.parquet,12491,59bc31d350e4041f0110c0c37fe669e6acd05e704c76cb54120d8c97148c69c2
data/drylab/dssp/pdb/dssp_chunk_00004.parquet,12984,54cb67e506003608fee91ae2c7b382a29a663ac526fa40574a9be992b7bb3688
data/drylab/dssp/pdb/dssp_chunk_00005.parquet,11974,f65e3cc1bc0f451b65cba37057c48005f2963ba30f8734f44237c23ce3d8b582
data/drylab/dssp/pdb/dssp_chunk_00006.parquet,13320,be61e4ddfd02ea6a364c268d3174822e3545787a970276ad34465f9b1e25319c
data/drylab/dssp/pdb/dssp_chunk_00007.parquet,12812,6db77ad97d0c0e17fcd4e048e2c2cc922f9001b3c21227f55e617b3edb24ad2c
data/drylab/dssp/pdb/dssp_chunk_00008.parquet,12440,b428fb7ac962e242546aab204a39b8e28ee7e41ba14cf2481480c9196296d0f5
data/drylab/dssp/pdb/dssp_chunk_00009.parquet,10542,452d59b741197ebb87e0176802d0566e8990e0e1ba24726857c20d493eef1b3a
data/drylab/dssp/pdb/dssp_chunk_00010.parquet,12530,aa45babe51adb87672009df5a7ebc52a157b53868551b990b05fe62aa957abdb
data/drylab/dssp/pdb/dssp_chunk_00011.parquet,11779,b5d8f977416d88ab73d9cc7a0152f5fb82a161e1baa4c03cd7c8a2dd04f2c814
data/drylab/dssp/pdb/dssp_chunk_00012.parquet,12072,84fe04768e82bcfb684f667d1e60ec3225c253a39f0366eaf16b3a62af9f9b0c
data/drylab/dssp/pdb/dssp_chunk_00013.parquet,12710,449aea074157c381adb780e9d2d1fc55626b6984c49ca4c3d0a2f9171c33c4ce
data/drylab/dssp/pdb/dssp_chunk_00014.parquet,12335,b514e8b46ae91d80be2b955379e800f6f829f39293d6e41f8a3af5e238b2cdc6
data/drylab/dssp/pdb/dssp_chunk_00015.parquet,11642,c22208fce9968248b3d2a2c03e26623c083896d3a2d549aedbc203849995be74
data/drylab/dssp/pdb/dssp_chunk_00016.parquet,11943,8c2b9340e940a54c8dfe3689b798c29acb30da20ef142e085c330625bbaf87e2
data/drylab/dssp/pdb/dssp_chunk_00017.parquet,10214,0ef95ccd9c2ca3d2db76c3139d4d9b1435e60af9566b324b6959fa43a2a8c9e5
data/drylab/dssp/pdb/dssp_chunk_00018.parquet,8081,a2aed257e1bef947abd8975b7a033dc0f41bd6e46afddbb940c5c902266f9a1d
data/drylab/dssp/pdb/dssp_chunk_00019.parquet,9539,c7e01caca176ba9b7a27a2d1b78c44446e5005c9c24970f1700dfdc98614466d
data/drylab/dssp/pdb/dssp_chunk_00020.parquet,12011,90b9ee772dd605b3e05fa83f83298310fe554d8e414f0a8e42b9878de9153361
data/drylab/dssp/pdb/dssp_chunk_00021.parquet,12388,5585c4a687bc8cd1471bd23c1ffb959f1fa758376f17e170d685cdd674b58c98
data/drylab/dssp/pdb/dssp_chunk_00022.parquet,12116,24c76411bfe0ba36503d3840917adce2c9115d671ef0f3902337521d263fbe07
data/drylab/dssp/pdb/dssp_chunk_00023.parquet,8447,a2b86469036eb08eaeb0e1dbd4f75b6fc50bdc042b5f819f1385342179d9a181
data/drylab/dssp/pdb/dssp_chunk_00024.parquet,5601,7a4cc05a6ac52b47b10e4275b3f04cd516207b9e9df2e856809a951ce4b3363d
data/drylab/dssp/pdb/dssp_chunk_00025.parquet,7065,d7e412605eb0685a616d78ea4d5dfa8800e6d865304bbede14ee1b87b2c624d6
data/drylab/dssp/pdb/dssp_chunk_00026.parquet,11150,5eb9862e203608b804b5efea791e5f28fa31601f25f9f06fdc30e58eb7edd991
data/drylab/dssp/pdb/dssp_chunk_00027.parquet,11092,401c72d43db761cfbce44b4d1cf71d19c3a4c49f359fbb03e1a3c5400e2c7c1a
data/drylab/dssp/pdb/dssp_chunk_00028.parquet,12426,612618eaef44b8425d1138fd4fdaf7c2996e2bd4cda73ff436b2ee83f83195bf
data/drylab/dssp/pdb/dssp_chunk_00029.parquet,7124,cf6e770ad39090976ee381fca851f22a36fe73910f5b24e0fcf858fb11fca704
data/drylab/dssp/pdb/dssp_chunk_00030.parquet,4875,7d7855a353efbbd51bd34349885a557a2118653283e3866229bd0ad6395d38f6
data/drylab/dssp/pdb/dssp_chunk_00031.parquet,600,9371a201c1c7bafed0918c8e3ed77541088611fb5762c105d6ffeadbf6e30ad9
data/drylab/dssp/pdb/dssp_chunk_00032.parquet,600,9371a201c1c7bafed0918c8e3ed77541088611fb5762c105d6ffeadbf6e30ad9
data/drylab/dssp/pdb/dssp_chunk_00033.parquet,5086,a19aa0219f0912e7dd7d6c8b2872ca4ea4e64e7bca03ca78a2485ca64df3f49b
data/drylab/dssp/pdb/dssp_chunk_00034.parquet,4499,debae3118fc7165bcef08b7876e7d6553bdc9b3ebf8376578810105efc41c8ad
data/drylab/dssp/pdb/dssp_chunk_00035.parquet,5692,508d824aa7ab48ff3b28c8a624f9aaf93cd1717f5a643846f52d4e5105fa23db
data/drylab/dssp/pdb/dssp_chunk_00036.parquet,5389,2031d8cccf44441087310c8a30e249e9a107a04012ef461d1c4e4b4a13aa9706
data/drylab/dssp/pdb/dssp_chunk_00037.parquet,8356,e05757561d86b232b8fae8d74e7c459a8a7b68e28189dc67b51e9648023b4288
data/drylab/dssp/pdb/dssp_chunk_00038.parquet,14082,3233c141a1f926062bb7ba4b79cab603a37377a2c53ce4fd3717790d8da37a53
data/drylab/dssp/pdb/dssp_chunk_00039.parquet,10604,fdee506a079b0912c76d989469b27f60b1a1aa66ca38f0c2d736e4775776048c
data/drylab/dssp/pdb/dssp_chunk_00040.parquet,14216,723d6b217689a24732dbf39b114bdaa23e98e34e2e1c227a4d3a83f6213ac307
data/drylab/dssp/pdb/dssp_chunk_00041.parquet,11157,5256f23147ef6bf645ae8b481da1c4ed346d01937356e4891c93142b2f7c01d1
data/drylab/dssp/pdb/dssp_chunk_00042.parquet,14468,d01790fe0ba3f7fb84506fd250ef1a74cb485109fc6c3a994f69959695610d34
data/drylab/dssp/pdb/dssp_chunk_00043.parquet,15968,a38ef9622a5e4920901384f4c5a79a64eb34e1a7e5bf8b02aadd4ebe04b49b02
data/drylab/dssp/pdb/dssp_chunk_00044.parquet,16081,b00fb1a37b2c73cef135a8ef376e4a16c50dd5cd92720c75499ea19edb62bfdb
data/drylab/dssp/pdb/dssp_chunk_00045.parquet,15963,55bb4161341530a4fb73d4737acd95b99be86926386c52f887e3da3baf491ce7
data/drylab/dssp/pdb/dssp_chunk_00046.parquet,16552,b007862648cd201468786d299c38619d5f5ca3f1fceae81953935ca7388e93c5
data/drylab/dssp/pdb/dssp_chunk_00047.parquet,16062,091fad224735c88b55267b3f4e671fce423277fc03cf1620afb8973fdb5728b6
data/drylab/dssp/pdb/dssp_chunk_00048.parquet,15464,d0f031e06a4dd510b4c475e43359262746f7546fc51a55c29126aa5b985d685a
data/drylab/dssp/pdb/dssp_chunk_00049.parquet,15879,ef1c443365f7c79769d5b91c8164e3c105c9a92ae581dc624e648bdc6cc6b073
data/drylab/dssp/pdb/dssp_chunk_00050.parquet,14112,6ecb7369b58acc9407e7bb5e41b74b6312461858a59e361f76c07cc995ba25ae
data/drylab/dssp/pdb/dssp_chunk_00051.parquet,14398,ed297afd0b00a9f64d5a4d2c79fe00402be477c49aa070c3dd2ede20fec07477
data/drylab/dssp/pdb/dssp_chunk_00052.parquet,15062,1db00cba8eb76824647e4add1bf638611c1af61ae11eba9b330b5dbdc9d88f7b
data/drylab/dssp/pdb/dssp_chunk_00053.parquet,14954,7589bb37c828bd5e6bd3858d80cc7f16da9fb74cef9f9af6ef8da03d09c6485c
data/drylab/dssp/pdb/dssp_chunk_00054.parquet,15551,6689072d46989fa8bd3a98da577c29676ac838bbb5ca7e2dab804ba0df6dba4e
data/drylab/dssp/pdb/dssp_chunk_00055.parquet,14505,e4ae82c53b0e1d57bc08a753ff6758fb1b5791de59c3a9dc12bffc8493d51a54
data/drylab/dssp/pdb/dssp_chunk_00056.parquet,15759,43115c4016a3e8cfe4ed3012858e26878d3711b1f8b27eea2a369aac05a9b06d
data/drylab/dssp/pdb/dssp_chunk_00057.parquet,14706,4777138ced71497e8ee0a57825a3f1ff51de93ceffc96a228ba036b95493d3b1
data/drylab/dssp/pdb/dssp_chunk_00058.parquet,13778,a9aedc915d1b9516058f31847270e68f6daa682b4314f81d1df68489a42dcd76
data/drylab/dssp/pdb/dssp_chunk_00059.parquet,14279,f7a6ebe5ac0ca90941c6e61cf3aeff62edf5fab353f0194797841481a1f6143b
data/drylab/dssp/pdb/dssp_chunk_00060.parquet,14205,ffd83498253f3c5d25f012db02c73320e746ef555cd1663f4b5deed8b6d72a56
data/drylab/dssp/pdb/dssp_chunk_00061.parquet,13947,bc03257f31f5095e8158a36a471acbe4b4d55dfad6e51b60a858f96649754434
data/drylab/dssp/pdb/dssp_chunk_00062.parquet,12869,61392e987393d980acabaffa007c4f27455b953b06b905a7d3776777ff7de6ec
data/drylab/dssp/pdb/dssp_chunk_00063.parquet,12469,f36f7538f932dbee3955678decff939a2d82685fd072c09b41f2282062f4c094
data/drylab/dssp/pdb/dssp_chunk_00064.parquet,12196,406b7963a91b0aa46314990a33f9e5c8246f1bfe3b7a33d38e8abf9dd7b3ee29
data/drylab/dssp/pdb/dssp_chunk_00065.parquet,6619,c174f56e589758292939e28ea7b12a1a1fb4bb56221c1df6ba5c876cc300039d
data/drylab/dssp/pdb/dssp_chunk_00066.parquet,9496,f9c238d9269419b8213b46e197abc94c44b76312c46982daad65494ad4a1b4e4
data/drylab/dssp/pdb/dssp_chunk_00067.parquet,9858,b5a174851579043210538b7632a92c5aa735d6d6bc3e08e6641c131fdbb2cdc2
data/drylab/dssp/pdb/dssp_chunk_00068.parquet,13999,1a75f15505e0015e546cf8d5d30960e453a65f535629e5932445583423ae18ad
data/drylab/dssp/pdb/dssp_chunk_00069.parquet,12434,a0d29b456ec53d2a672b082399b5268f26c7e90728883e3602fc1dcc52af07ca
data/drylab/dssp/pdb/dssp_chunk_00070.parquet,13245,30980dd1a5dfcc2bcf038b5e2d0f9b2bd366615a214f226a4d3d17df98bc150c
data/drylab/dssp/pdb/dssp_chunk_00071.parquet,13816,1041eab940c455a18d6accbdb1c6efbeaccffaab71bdb7efb46ed583a6f572e3
data/drylab/dssp/pdb/dssp_chunk_00072.parquet,12524,88b6b1760c1306518cfe541225be8a2478502609514b1a8859288fd0d31fee9d
data/drylab/dssp/pdb/dssp_chunk_00073.parquet,13125,b1ce6ecfd5ca04a624735fa5f208aa0c0de0e1480d3223ef0baaa09f2fa2492a
data/drylab/dssp/pdb/dssp_chunk_00074.parquet,13909,e224b0679d15c783d0d1194ac2e340ec320d58d9d4e0b6b6af8f339941a3e685
data/drylab/dssp/pdb/dssp_chunk_00075.parquet,12996,ab82e83c640d18f20ab975f9e0fde11cefdf576a903e2593f11b08b661ea50a0
data/drylab/dssp/pdb/dssp_chunk_00076.parquet,12552,dcb995547dec493754dc5f7e845ea67f3af8ed75deb6382109bf8d2767d42545
data/drylab/dssp/pdb/dssp_chunk_00077.parquet,13328,32cfcafca2e9e96aa3a76bd24845a9e220397ca1458c0b2b24b9114c2d7e6992
data/drylab/dssp/pdb/dssp_chunk_00078.parquet,11276,e8139494f347e7874c322543d9e88ae2b7e028a1fc1c9a3ae12ca2f95c4bd838
data/drylab/dssp/pdb/dssp_chunk_00079.parquet,12440,69ee36e86245afffd1ef53c3116da2377a604a90f8a52bbe540db72c19ceaabd
data/drylab/dssp/pdb/dssp_chunk_00080.parquet,11325,16da6a4392afbb60fc9976b05810785ac36b74188aae49a26da24ba19d8c69fd
data/drylab/dssp/pdb/dssp_chunk_00081.parquet,7614,c219639f8a6b2b31c3ff709c65a5e34bb84242d347655800f850133e09c85a2e
data/drylab/dssp/pdb/dssp_chunk_00082.parquet,9305,278cb309a281b206f4933ae7fa69dff94044e6a6e06c1efd1a1d113ecccebfab
data/drylab/dssp/pdb/dssp_chunk_00083.parquet,8838,6c29b1decff2f3ae0b407022bfecbd0d8dedc715c77c25e138f10c3136770700
data/drylab/dssp/pdb/dssp_chunk_00084.parquet,8309,bcd008c7810754e7f5b81cc330ca5933b44e96e50faa0396218876cb8a4fb9c2
data/drylab/dssp/pdb/dssp_chunk_00085.parquet,13031,d7cfe2a7ccd46184eb078b9f2b3015c67eb473b575bba1b066ab6f29c0845591
data/drylab/dssp/pdb/dssp_chunk_00086.parquet,12144,c704fbff46e28b6041615c07bc46a8e46cb66aafe67960284054912f3c31247b
data/drylab/dssp/pdb/dssp_chunk_00087.parquet,10939,7fb3b0ae1f1d8de6ff1ca1a8b1c75f6f34636afa8076a2a2371538cb2f0afb03
data/drylab/dssp/pdb/dssp_chunk_00088.parquet,14176,ed337dcbf6168951197687ef0b3f8bbf1e66bf2ffc5a50697bbf367783ca3a36
data/drylab/dssp/pdb/dssp_chunk_00089.parquet,12190,e083eb287a58a6501c7513465dbd93d68ec1cefca8aa9838ed2be044249d8195
data/drylab/dssp/pdb/dssp_chunk_00090.parquet,12464,3fb04e36cb4a0800708db939c6fe981ddce1c990c21024b4f4cae96a44ed04b5
data/drylab/dssp/pdb/dssp_chunk_00091.parquet,13184,98329232937f2c05bffc32a630275e444a663c2d20a9d7dc70d5bd1c24229397
data/drylab/dssp/pdb/dssp_chunk_00092.parquet,13407,9a654d5935612c0577d34d80423c8d9811b73c26cff1c7bcfcd93c059f9d1f34
data/drylab/dssp/pdb/dssp_chunk_00093.parquet,12829,e682b31107f3c2b61883a5bdae1cc8fd2d23d91e2fe474434a759c0b1e78f13b
data/drylab/dssp/pdb/dssp_chunk_00094.parquet,13792,182e44c7950b24650e057856114cdbbdb78b54acc7c489738b2e68429cdbe5b6
data/drylab/dssp/pdb/dssp_chunk_00095.parquet,12513,ebab615779ce6351178d7155830ae9e70ac41a339760b16c776dd44964f08812
data/drylab/dssp/pdb/dssp_chunk_00096.parquet,12545,d22276e53be6e07e98c3c2278358b7039dcf2814952f6002735a8f3671788166
data/drylab/dssp/pdb/dssp_chunk_00097.parquet,15135,c6c22e44e164c26b80f72e5420fbeed0a64af272fbbc3566589df772818156d4
data/drylab/dssp/pdb/dssp_chunk_00098.parquet,14129,52b12f9c6985f36df4e7fae70ac47db897e7c3dede9dfe40052f4784f3a80b48
data/drylab/dssp/pdb/dssp_chunk_00099.parquet,9484,759fdc44ce6970392c03010232c43f92c198c5c92360d079f5631448de838be3
data/drylab/dssp/pdb/pdb_clustered.csv,599541,9a64031e0c4e2f1a2fb7f41ec4fa0c57cc4fe36b5a2c498019a1550321fd13bc
data/drylab/ensemble_metrics/af3_recycle_0_plddt.csv,249397841,30eecf12bdb3313f179be00d95a25b5552841dacec88b605bf0f22347acc2e08
data/drylab/ensemble_metrics/af3_recycle_0_rmsf.csv,4028534,489ac74eaf24402901953cb2b148c92902a74721f4bdac7496c5936924799d34
data/drylab/ensemble_metrics/af3_recycle_3_plddt.csv,249288917,c4b92451b35daab414ec4a3f1f1e699fc7600bd5b7aa1c1218d4cd99986352b6
data/drylab/ensemble_metrics/af3_recycle_3_rmsf.csv,4042365,c80c45f20c9ccb88922f8a25af02d160555e55c90a3fa43d5e98a6ac6862496a
data/drylab/ensemble_metrics/boltz1_recycle_0_plddt.csv,239571313,70d9690810b80e0bbd6c6a091b3dba6fbb358282da698d9f560f674b401d5073
data/drylab/ensemble_metrics/boltz1_recycle_0_rmsf.csv,4023640,cf6003eb1110af2da409000b52e435fc8941bdeb6761e4cd7d6a10a42f60e859
data/drylab/ensemble_metrics/boltz1_recycle_3_plddt.csv,239509813,aa3da73dbdffdae0c75524bcb2b7328c55f89061ab16518115b93f4254b1fdc5
data/drylab/ensemble_metrics/boltz1_recycle_3_rmsf.csv,4052264,6fcc543a0bf67c44b9196ac55f88466b7743cb420c36ccca7d5538c789c8f876
data/drylab/ensemble_metrics/boltz2_recycle_0_plddt.csv,239540573,77c693c14b8d3e660a94b553f6cc7e37971db031cb8e573d1eb8a52564fe638c
data/drylab/ensemble_metrics/boltz2_recycle_0_rmsf.csv,4010771,cc6562a263372d2a00bc6bc01a8cc68638c4bd3ff976b592d65dc653893a8e0d
data/drylab/ensemble_metrics/boltz2_recycle_3_plddt.csv,239518816,21679f1940a395a1b843a0d1e5dac24ad80f75421bb64ffef77200b317f2666f
data/drylab/ensemble_metrics/boltz2_recycle_3_rmsf.csv,4026136,76e6d744627180d341b05b8bc4e7ad8c0eb4878637c287c0f3501a66520c73e2
data/drylab/ensemble_metrics/combined_dynamics_metrics.csv,309628,61880613a6cea3d620d72330e49aeb05676d66616da9e87f909ff5b3976e5da2
data/drylab/expressed_designs_refolded_100/model_ensembles.tar.zst,9486703770,ef36afc066eb4aba21817dbb7a1aa7c31fa55d50330690fc8f09d76cde6605b1
data/drylab/raw_designs/designable.tar.zst,11317946,b79a00e5596355932706a479cd6c43dca1018ac4b04b24ce420d29e9407fd3b7
data/drylab/raw_designs/metrics.parquet,30950820,6474d9dd586ea85ce3f25f6347b7f56033ed36f9d920de1224fa08f05b1306c7
data/drylab/raw_designs/non_designable.tar.zst,1669664860,7affbe32a9f24eb2c4966a82a63dfd28c1946a22adbc84d677577246cd4ccd4f
data/wetlab/expression/expression_metrics.csv,209743,5499e5d7c26e30fbe991b88d91eb55d2f871dcbaab0097ae4fef11adb62f2bdc
data/wetlab/expression/full_aggregate_data.h5,21193976,0e9577694b0dc6572b52cbeea4e82e6588362abeceb9b0621301c1761c7b2d10
data/wetlab/expression/tables/wetlab_data/250822_NMR_RUN_1_P2_outputs/1.0_against_calibration.png,158826,32025a2884da8ff5b9cd0d1daed9f109e4ba9a77756ca37dd31e2f7d4a931582
data/wetlab/expression/tables/wetlab_data/250822_NMR_RUN_1_P2_outputs/2.0_against_calibration.png,159864,b527d8df4f85f70f77f888b4a736e842edadd8f416cfc887338ccf3a2969eb00
data/wetlab/expression/tables/wetlab_data/250822_NMR_RUN_1_P2_outputs/250828_dabramson_sec_pool_and_norm.py,17042,67a916d08551f4aae90a13c968904fe3d9a5cfcbab1a5b05cee3c9027a0e22c3
data/wetlab/expression/tables/wetlab_data/250822_NMR_RUN_1_P2_outputs/3.0_against_calibration.png,161536,6429a4bd1fa9d5f7cd2eb7ffea220708c4f7a94769c3e172a9f606be79cb12ce
data/wetlab/expression/tables/wetlab_data/250822_NMR_RUN_1_P2_outputs/4.0_against_calibration.png,161571,ed5835417e94af5da71b023a009ae91e36e13ca1929277147c0aea153d39fe89
data/wetlab/expression/tables/wetlab_data/250822_NMR_RUN_1_P2_outputs/P2_250824_RUN_1.csv,17223,3a5d74fabf94c2eeebda3e2594b045e82ce91e84d9ce4e1e352f0d2750c0fcb7
data/wetlab/expression/tables/wetlab_data/250822_NMR_RUN_1_P2_outputs/P2_for_ines.csv,16894,27ed3184499a17c8074df7684ec306ffad71b6d53f73857b740d2172e64ff85f
data/wetlab/expression/tables/wetlab_data/250822_NMR_RUN_1_P2_outputs/aggregation_states.png,195170,13375ce774f5315f04c544351b59f99b38172d9c44e472e1220c569aee33be7f
data/wetlab/expression/tables/wetlab_data/250822_NMR_RUN_1_P2_outputs/all_sec_traces_1.0.png,587905,e05b273fad0be043e38b1ee764af6ed14878a1978e08dde2c79a205a8ee4e386
data/wetlab/expression/tables/wetlab_data/250822_NMR_RUN_1_P2_outputs/all_sec_traces_2.0.png,588746,b74b1b083cb7ffa344190ff196a8abd186a8ea8f0ae9dce53db895c9667893e8
data/wetlab/expression/tables/wetlab_data/250822_NMR_RUN_1_P2_outputs/all_sec_traces_3.0.png,589060,a660179699f2f35c30b760ff34ea4c6aded2bf2f5658dcfb60fa688b34af9ae1
data/wetlab/expression/tables/wetlab_data/250822_NMR_RUN_1_P2_outputs/all_sec_traces_4.0.png,588200,401a01cc05ec2f0f20ce56b6ac36493be0cf4364109497eb9b8cb3eff935e47a
data/wetlab/expression/tables/wetlab_data/250822_NMR_RUN_1_P2_outputs/config.yaml,968,1d0c3e10deabe9efcc3e79bd24fa645206685ef1afc57dd21eee72eea85c0673
data/wetlab/expression/tables/wetlab_data/250822_NMR_RUN_1_P2_outputs/debug_pooled_wells_clean.csv,4449516,c6a2d9fc06e3e0810f91e8d56ad6bb456127dc5ac5afaa40666da23ed254af54
data/wetlab/expression/tables/wetlab_data/250822_NMR_RUN_1_P2_outputs/echo_transfers.csv,52422,44aa619610dbbdc656ce0f35c9200a033ba3dd888e785a78455b619a91744dcb
data/wetlab/expression/tables/wetlab_data/250822_NMR_RUN_1_P2_outputs/experiment_overview.csv,2590348,de8365b3af2655cc7fcd0ef560389374408bcd0380ea8f37ffc0b4984d3ec58c
data/wetlab/expression/tables/wetlab_data/250822_NMR_RUN_1_P2_outputs/experiment_overview_P2.csv,647780,ad9b125470d194680c0b41e1de5945b61efb0762649738df9e5d284997c83fee
data/wetlab/expression/tables/wetlab_data/250822_NMR_RUN_1_P2_outputs/final_pooling_results.csv,4449514,3864ad7440afb78437b65fa19570197c87c9a8c4d79b1a349dac7e298dc13f62
data/wetlab/expression/tables/wetlab_data/250822_NMR_RUN_1_P2_outputs/final_pooling_results.h5,11090782,83295de2ea2711a02ec5724757f125390ad2e5484f3dea8a6c9dcb425e06b769
data/wetlab/expression/tables/wetlab_data/250822_NMR_RUN_1_P2_outputs/fraction_selection_app.html,6276693,6d14753f89ee49b935538511bbbcbbd567dc3262f38fd762ae8f32a133030ef2
data/wetlab/expression/tables/wetlab_data/250822_NMR_RUN_1_P2_outputs/fraction_selections.json,41302,a7bbf50923f40d0251be5d2b5524c28e9d449a8cc0a19215c01b373be1a7590f
data/wetlab/expression/tables/wetlab_data/250822_NMR_RUN_1_P2_outputs/fraction_selections_250828.json,41302,a7bbf50923f40d0251be5d2b5524c28e9d449a8cc0a19215c01b373be1a7590f
data/wetlab/expression/tables/wetlab_data/250822_NMR_RUN_1_P2_outputs/master_mix.csv,318,3efd40ae97f8821e47dce82fbae87a5159d524b7f8d4f25531b6d016acccdbb5
data/wetlab/expression/tables/wetlab_data/250822_NMR_RUN_1_P2_outputs/norm_retention_by_category.png,195519,5044f1c37ff422875ad78a5f8870826d942130c056c610a2fe495a9ea450691d
data/wetlab/expression/tables/wetlab_data/250822_NMR_RUN_1_P2_outputs/peaks_distribution.png,311433,03297a317f5043ad56b31e80b19214eca0630a7160db6547b09811ddcc9ecec1
data/wetlab/expression/tables/wetlab_data/250822_NMR_RUN_1_P2_outputs/plate_1.0_agg_per_well.png,360321,e55f1474f583c97071d117c8df7d7fe6d370921f351220bae675cc9c5aa712af
data/wetlab/expression/tables/wetlab_data/250822_NMR_RUN_1_P2_outputs/plate_2.0_agg_per_well.png,362448,eed8a863506bcf6d3ac938c7009c6969a2327327aef52f04577033092dc1fe7c
data/wetlab/expression/tables/wetlab_data/250822_NMR_RUN_1_P2_outputs/plate_3.0_agg_per_well.png,366418,aff0878d83acf5df2f67187d30e74f778536f62f03e6689213c25c82f1e85ee0
data/wetlab/expression/tables/wetlab_data/250822_NMR_RUN_1_P2_outputs/plate_4.0_agg_per_well.png,370408,d95774547d269d07f5261db493b449d466fec214fd785e018bcda682f9ca5b9e
data/wetlab/expression/tables/wetlab_data/250822_NMR_RUN_1_P2_outputs/processed_results.csv,668140,a5c2fc25b7bee69c4bebeee7ed62d0e015321ce01826d65ac4ec4887bb31c390
data/wetlab/expression/tables/wetlab_data/250822_NMR_RUN_1_P2_outputs/processed_results.h5,12991015,145bcaa9416484e8a3c4a912f1a954436268306186d78ffe3f352acb3547a85e
data/wetlab/expression/tables/wetlab_data/250822_NMR_RUN_1_P2_outputs/split_for_processing.ipynb,5766,ac10313dbaea593b71d0942094da30f60827de98069e29cd28e88d1ced751b18
data/wetlab/expression/tables/wetlab_data/250822_NMR_RUN_1_P2_outputs/tot_soluble_yields.png,117576,a98c8dcc8c80fd03b6a5fe2d36c647273504dbdf775e4e72b5de18c6bd245d2b
data/wetlab/expression/tables/wetlab_data/250910_NMR_RUN_2_P3_outputs/3.0_against_calibration.png,167845,39c3babdf7a02f15e32f2fc5c117595375d518a1dfc5d1d6888fd86ea8e3f45b
data/wetlab/expression/tables/wetlab_data/250910_NMR_RUN_2_P3_outputs/aggregation_states.png,186284,69a00cf1d5448fd211c6a45bc85b086739fab4d6dfb8eabaf893c57753d84e63
data/wetlab/expression/tables/wetlab_data/250910_NMR_RUN_2_P3_outputs/all_sec_traces_3.0.png,631688,25a2eb6d436f5b4c67301704d42b66d7ef923039d2fb56b5ccfe743dc135ab81
data/wetlab/expression/tables/wetlab_data/250910_NMR_RUN_2_P3_outputs/analysis.ipynb,3941,2dac8cf0006463976aa39d5d8973878eb344dd687960a1c842865a13e0f50d66
data/wetlab/expression/tables/wetlab_data/250910_NMR_RUN_2_P3_outputs/debug_pooled_wells_clean.csv,4403669,9308e0ed59f95aa56c6cf0710f5c9aed206659a77644646a9514552cdd5b8abe
data/wetlab/expression/tables/wetlab_data/250910_NMR_RUN_2_P3_outputs/experiment_overview_p3.csv,647068,993e8eaaeedd5100e689524060ed823933c40de282d2d275bca0c3d98e7671a8
data/wetlab/expression/tables/wetlab_data/250910_NMR_RUN_2_P3_outputs/final_pooling_results.csv,4449687,4084ee660ccfcec9802279a4b06fbce9f94ab063c81c0bc29ef9bc46739fe0d6
data/wetlab/expression/tables/wetlab_data/250910_NMR_RUN_2_P3_outputs/final_pooling_results.h5,16090291,ef53716e534c37a24e291a237dd0caf714520d8ddfb695aeb315bd3a9a656430
data/wetlab/expression/tables/wetlab_data/250910_NMR_RUN_2_P3_outputs/fraction_selection_app.html,6281708,2bb24f2c63347c4fa3d83ef9c0d534eba89fa75bff14cb92351140421872e76c
data/wetlab/expression/tables/wetlab_data/250910_NMR_RUN_2_P3_outputs/fraction_selections.json,42239,6a19c111ffa2d34776070b5f22660b7c27289cd7e7e07f3b7dc3a3c113c96a52
data/wetlab/expression/tables/wetlab_data/250910_NMR_RUN_2_P3_outputs/nmr_250911_df_p3.csv,17135,711cf98afe7d777170d0eb09da1d6205b56c305a79cce5ba1a814dcd501c4867
data/wetlab/expression/tables/wetlab_data/250910_NMR_RUN_2_P3_outputs/norm_retention_by_category.png,195286,b4190aee9f9fd9265951e788508fa7466433f78ea0bd12974d41f6dca274ff9c
data/wetlab/expression/tables/wetlab_data/250910_NMR_RUN_2_P3_outputs/peaks_distribution.png,374422,06fa1aa779263c329ee0fb6a9cdcb07aa2073ad926233ae77ce193026668d9a4
data/wetlab/expression/tables/wetlab_data/250910_NMR_RUN_2_P3_outputs/plate_1_agg_per_well.png,360934,00edc347dfd7b63bf76b3e138ea756f5360c98ac508c8477d4abd675dd066e23
data/wetlab/expression/tables/wetlab_data/250910_NMR_RUN_2_P3_outputs/processed_results.csv,667570,6be865dee02a44d89f6e8d348a5d1fc6e556aa6ede37934a563a136c9a746cee
data/wetlab/expression/tables/wetlab_data/250910_NMR_RUN_2_P3_outputs/processed_results.h5,6087041,e737ddc1993de00884587ed0cfa3f0777f33873aa9b22593370412325b912aac
data/wetlab/expression/tables/wetlab_data/250910_NMR_RUN_2_P3_outputs/tot_soluble_yields.png,117116,b878df029356815280ae5bcf542f0567c08ec949ac07d9088e15390cdd1340f6
data/wetlab/expression/tables/wetlab_data/250913_NMR_RUN_2_P3_REDO_outputs/250919_dabramson_sec_pool_and_norm.py,17769,dbace6e291acdaedfc26a8b7e454374b11177ec853178390d4512325b57e6a00
data/wetlab/expression/tables/wetlab_data/250913_NMR_RUN_2_P3_REDO_outputs/3.0_against_calibration.png,169943,b1526e477868e01431722ae0149b5024835fcec7823f140b11b47cb7c6f0b301
data/wetlab/expression/tables/wetlab_data/250913_NMR_RUN_2_P3_REDO_outputs/aggregation_states.png,190345,4ef1ae50d21dbebec51623a9af863e743e9451e7eb73fc50a8c13d3255b7029b
data/wetlab/expression/tables/wetlab_data/250913_NMR_RUN_2_P3_REDO_outputs/all_sec_traces_3.0.png,578220,33cb3529ee369f491307c0e693aa7c274f9eca5567281deb8096480d169e59f7
data/wetlab/expression/tables/wetlab_data/250913_NMR_RUN_2_P3_REDO_outputs/analysis.ipynb,8203,ff7ccb5ef0bcef6f106286187d21ac6159f4e3f332eb6ae72c560a97d55e5243
data/wetlab/expression/tables/wetlab_data/250913_NMR_RUN_2_P3_REDO_outputs/debug_pooled_wells_clean.csv,4450624,1b5a196113ac5dc4f9835a725421f95dd14d7328b1456c33a6dd2cf871ea8d8e
data/wetlab/expression/tables/wetlab_data/250913_NMR_RUN_2_P3_REDO_outputs/final_pooling_results.csv,4450622,1b0b8176dd1cd4f784360796b1ae2f6ec639a59410ed971492cef19677b27058
data/wetlab/expression/tables/wetlab_data/250913_NMR_RUN_2_P3_REDO_outputs/final_pooling_results.h5,11091666,9511467822c06d8337a41c5711c8cd9387703c81108031f74df30ba77e8e4711
data/wetlab/expression/tables/wetlab_data/250913_NMR_RUN_2_P3_REDO_outputs/fraction_selection_app.html,6284851,8a6d2d559244551fba2927ec659a01d3fcc4b99a820952dc854ab2ac758cf74f
data/wetlab/expression/tables/wetlab_data/250913_NMR_RUN_2_P3_REDO_outputs/fraction_selections.json,42879,11e75ef0dfa6d90033b410810bfb72db3394d6a1f2f0c9bf33e69cfaefb28779
data/wetlab/expression/tables/wetlab_data/250913_NMR_RUN_2_P3_REDO_outputs/nmr_250919_df_p3_redo.csv,17229,6788f8ba8c98074aecc744c1f32ecdeafa86b8a7a6476da38b12850200b054ff
data/wetlab/expression/tables/wetlab_data/250913_NMR_RUN_2_P3_REDO_outputs/norm_retention_by_category.png,197855,03e295511c23f24fa4a9f4799a3575ee80e4e4541a8e1a09287ca372b165eb1c
data/wetlab/expression/tables/wetlab_data/250913_NMR_RUN_2_P3_REDO_outputs/peaks_distribution.png,375956,6680c08c7bedb307cabce6cac8a8cb4dbb5273bdf7dacd1446d2a45eb9b52e44
data/wetlab/expression/tables/wetlab_data/250913_NMR_RUN_2_P3_REDO_outputs/plate_1_agg_per_well.png,369733,57e28228ce6de515883552fcec421312fe00f982afebceef13e778a5c939e06b
data/wetlab/expression/tables/wetlab_data/250913_NMR_RUN_2_P3_REDO_outputs/processed_results.csv,667556,79e5d2b7ac09519cdb294e1e6877e93c7dc1f3d83d5e3eb1d2301a2464f18f59
data/wetlab/expression/tables/wetlab_data/250913_NMR_RUN_2_P3_REDO_outputs/processed_results.h5,6085839,11be3d88bc35c53283abfa83589770cc2b631cae1499dd03afc676dc6ff1c9ed
data/wetlab/expression/tables/wetlab_data/250913_NMR_RUN_2_P3_REDO_outputs/tot_soluble_yields.png,119029,213c8ba6d34248c43b5268417b0dd35d2152807f5bf456bd24a7459d1e312dbe
data/wetlab/expression/tables/wetlab_data/250917_redo_cloning_P1_outputs/config.yaml,989,536f60aa98a60c6cc0771027ab1794a574db0177c35e5b4ad47174587a0960e5
data/wetlab/expression/tables/wetlab_data/250917_redo_cloning_P1_outputs/echo_transfers.csv,13100,ccda1ae9ea5ed873a2c4d7cf8e7c54cbe6076a04b1a8bd7c6e198886363a5685
data/wetlab/expression/tables/wetlab_data/250917_redo_cloning_P1_outputs/experiment_overview.csv,647622,5d8e4be579745c16f5ce8b7b546e4f15a4580842174f8e485e246b0e1019bd0a
data/wetlab/expression/tables/wetlab_data/250917_redo_cloning_P1_outputs/master_mix.csv,287,ef742cecc4368190ad43b17d8c2d28fe01b3e04d0cac7ab7b2cebc6d6acc827f
data/wetlab/expression/tables/wetlab_data/250917_redo_cloning_P1_outputs/notes.txt,82,09d980b9bdeb8138333894bbcd32b728998ac8d6d8d4e064159589bcfe3df7d0
data/wetlab/expression/tables/wetlab_data/250923_NMR_RUN_3_P1_P4_outputs/1.0_against_calibration.png,158741,f371d5152c6d4e640a6b7c619c61036161af153f6f3d1b345a61785e727c68ab
data/wetlab/expression/tables/wetlab_data/250923_NMR_RUN_3_P1_P4_outputs/250923_dabramson_sec_pool_and_norm.py,27135,7ecc9fa335ce0ff1d15bb01420c9c17b8d0b1485f8e5710a2101f9c3f266a0b4
data/wetlab/expression/tables/wetlab_data/250923_NMR_RUN_3_P1_P4_outputs/250924_P1_P4_NMR_moon_landing.csv,31626,537b2540937fa0e6fc12fc9ee502adc06d849da6a5a5a27e2cf45aa855fdae78
data/wetlab/expression/tables/wetlab_data/250923_NMR_RUN_3_P1_P4_outputs/4.0_against_calibration.png,190555,6d75ca463ffd286104d5441c36f746ad24b291ba8e3efa83c8f6d9b225095d16
data/wetlab/expression/tables/wetlab_data/250923_NMR_RUN_3_P1_P4_outputs/aggregation_states.png,268154,4e41cc1f7ad02d4099f1d09178301ae4c39d499bef7e393225bce0d51691e308
data/wetlab/expression/tables/wetlab_data/250923_NMR_RUN_3_P1_P4_outputs/all_sec_traces_1.0.png,687515,fe17184d3d739177b6d3ae2d207cdfed8c0711aeb9eade69e313f503b50b12b7
data/wetlab/expression/tables/wetlab_data/250923_NMR_RUN_3_P1_P4_outputs/all_sec_traces_4.0.png,663923,0f644c38ca4fd9ded61616a5c71dba0c0fa801d3877df234cb9402a19d87b83a
data/wetlab/expression/tables/wetlab_data/250923_NMR_RUN_3_P1_P4_outputs/analysis.ipynb,3401,6baf086da323c1aedc44795fa41fdf04c3be330d5babd27f6548ea0c86702d0b
data/wetlab/expression/tables/wetlab_data/250923_NMR_RUN_3_P1_P4_outputs/debug_pooled_wells_clean.csv,8673493,6a50d87f8f4fff50c4056a092907e0e393970bd1b255e6700946d61c9da2955d
data/wetlab/expression/tables/wetlab_data/250923_NMR_RUN_3_P1_P4_outputs/experiment_overview_P1_P4.csv,1295112,43c0c4c6b9212c38385de645b7ed360c3bf36991b1c7894f8061dabc72461eb7
data/wetlab/expression/tables/wetlab_data/250923_NMR_RUN_3_P1_P4_outputs/final_pooling_results.csv,8903123,95fe1845041554df44ff70cc7aa2e74bd41107484dd525723b671d3def39f162
data/wetlab/expression/tables/wetlab_data/250923_NMR_RUN_3_P1_P4_outputs/final_pooling_results.h5,11117358,6b6c2363c786c5a05858b4c5a017e8fc332aa8f5be93c12e29a8a12c0f71399b
data/wetlab/expression/tables/wetlab_data/250923_NMR_RUN_3_P1_P4_outputs/fraction_selection_app.html,12551735,b1debee7f143258c697a14edc7eca17a738011c3bc2eaf33163e71b0562cc956
data/wetlab/expression/tables/wetlab_data/250923_NMR_RUN_3_P1_P4_outputs/fraction_selections.json,84107,01b8d799be8a5acdd726abb62034c4aa4904083217d5c8395638cd12e5f7e338
data/wetlab/expression/tables/wetlab_data/250923_NMR_RUN_3_P1_P4_outputs/norm_retention_by_category.png,269641,8e7d487dc91cfe57da664b965e5f691e4e9e8d9072217f8f07a7b576f9e247f4
data/wetlab/expression/tables/wetlab_data/250923_NMR_RUN_3_P1_P4_outputs/peaks_distribution.png,418660,a1838d04ed0cf02876de038591ebfdac177647568b59c4e5e2033b3250bf0bdb
data/wetlab/expression/tables/wetlab_data/250923_NMR_RUN_3_P1_P4_outputs/plate_1.0_agg_per_well.png,404287,75a01e2f4f172382ef6d25ae0a0bc03198ec143f161a2ff08e33694b43dbdaf2
data/wetlab/expression/tables/wetlab_data/250923_NMR_RUN_3_P1_P4_outputs/plate_2.0_agg_per_well.png,396515,35598abf51a76afe16c7fa5d9caa67068b98bd7d340cc78580830b77945dd8d2
data/wetlab/expression/tables/wetlab_data/250923_NMR_RUN_3_P1_P4_outputs/processed_results.csv,1335358,ed000502d6568830942f31290584cb3a1cfe8de689f1793b859a5463bd116829
data/wetlab/expression/tables/wetlab_data/250923_NMR_RUN_3_P1_P4_outputs/processed_results.h5,21105372,b87a6b40af24de6a6d83dc72cd2d748a0f9c3fe217c54faf57766e09017c0764
data/wetlab/expression/tables/wetlab_data/250923_NMR_RUN_3_P1_P4_outputs/slice.ipynb,24011,48e25946d4ebef2e5568d152f5e204dc197733a9ec32cd69839a94e92b256230
data/wetlab/expression/tables/wetlab_data/250923_NMR_RUN_3_P1_P4_outputs/tot_soluble_yields.png,156667,ed883ef34b577a90ce2beee4d7e5bc7c87bebeac9b388467282924842369fd10
data/wetlab/nmr/hsqc/peak_data.parquet,62173,13118059c3cc236311f9e37e682b0fbc15a60e74f04b7b67cdd721ac70dc5be6
data/wetlab/nmr/hsqc/summary.parquet,2464199,6b5e874e7cd015aaec0d262e283e7b7824f0e4542ed1995601aabb7128ac7a0c
data/wetlab/nmr/relaxation_data/p2_A4_results.csv,48680,87433d73fea67e12a9e206ddc45c2de64bdaa82ae2be7099813f74b4d8a35ed1
data/wetlab/nmr/relaxation_data/p2_E10_results.csv,49610,c886ad1b14c6b35951be5bfebd4f68ba42c7a71c3f5670d2cc7871450843dcc5
data/wetlab/nmr/relaxation_data/p3_A1_results.csv,46350,1953e5da2552abc789af8a38fb806ceff460378d931cf4dfd96adaacdebcbbfb
data/wetlab/nmr/relaxation_data/p3_B5_results.csv,46982,129f4c352d9f6e23a3cd0b832e0c82980b5f416328fcd19db692af5072677098
data/wetlab/nmr/relaxation_data/p3_E12_results.csv,46067,411343e9e126e586ddc3e90fd978437bc91bf4de99a8ed7ce16546a1f44c9d64
data/wetlab/nmr/relaxation_data/p4_C9_results.csv,47825,92bca7b5cdd0f869017b3cec357d1e95cdbf042e2d49031dfa1023f047f37f75
data/wetlab/nmr/relaxation_data/p4_F9_results.csv,43040,591ceeb447faa9d547321ca2c33c47c25ac3514b9cbe34cbe11f8cdb164065f8
data/wetlab/nmr/relaxation_data/p4_G4_results.csv,42973,f0c2da63d4de78524862ca6ff8460ed5fc814878c14a23dbe0208f75b2243422
data/wetlab/nmr/relaxation_data/p4_H10_results.csv,47709,3d49ad0e5dfbe94af9e7242b7b9f1673111a553d0773fdc1d42c7b15277b82e1
